{
  "STMicroelectronics STM32": {
      "STM32F103": {
          "Disable SWD at startup (for GigaDevice stm32f103 clones)": false,
          "Bootloader offset": [
              "8KiB bootloader (stm32duino)",
              "20KiB bootloader",
              "28KiB bootloader",
              "32KiB bootloader",
              "34KiB bootloader (Chitu v6 Bootloader)",
              "64KiB bootloader",
              "2KiB bootloader (HID Bootloader)",
              "16KiB bootloader (HID Bootloader)",
              "No bootloader"
          ],
          "clock Reference": [
              "8 MHz crystal",
              "12 MHz crystal",
              "16 MHz crystal",
              "25 MHz crystal",
              "Internal clock"
          ],
          "Communication interface": {
              "USB (on PA11/PA12)": {
                  "USB ids": {
                      "USB vendor ID": "0x1d50",
                      "USB device ID": "0x614e",
                      "USB serial number from CHIPID": {
                          "USB serial number": "12345"
                      }
                  }
              },
              "Serial (on USART1 PA10/PA9)": {
                  "Baud rate for serial port": "250000"
              },
              "Serial (on USART1 PB7/PB6)": {
                  "Baud rate for serial port": "250000"
              },
              "Serial (on USART2 PA3/PA2)": {
                  "Baud rate for serial port": "250000"
              },
              "Serial (on USART2 PD6/PD5)": {
                  "Baud rate for serial port": "250000"
              },
              "Serial (on USART3 PB11/PB10)": {
                  "Baud rate for serial port": "250000"
              },
              "Serial (on USART3 PD9/PD8)": {
                  "Baud rate for serial port": "250000"
              },
              "CAN bus (on PA11/PA12)": {
                  "CAN bus speed": "500000"
              },
              "CAN bus (on PB8/PB9)": {
                  "CAN bus speed": "500000"
              }
          },
          "GPIO pins to set at micro-controller startup": ""
      },
      "STM32F207": {
          "Bootloader offset": [
              "32KiB bootloader",
              "16KiB bootloader (HID Bootloader)",
              "No bootloader"
          ],
          "clock Reference": [
              "8 MHz crystal",
              "12 MHz crystal",
              "16 MHz crystal",
              "25 MHz crystal",
              "Internal clock"
          ],
          "Communication interface": {
              "USB (on PA11/PA12)": {
                  "USB ids": {
                      "USB vendor ID": "0x1d50",
                      "USB device ID": "0x614e",
                      "USB serial number from CHIPID": {
                          "USB serial number": "12345"
                      }
                  }
              },
              "Serial (on USART1 PA10/PA9)": {
                  "Baud rate for serial port": "250000"
              },
              "Serial (on USART1 PB7/PB6)": {
                  "Baud rate for serial port": "250000"
              },
              "Serial (on USART2 PA3/PA2)": {
                  "Baud rate for serial port": "250000"
              },
              "Serial (on USART2 PD6/PD5)": {
                  "Baud rate for serial port": "250000"
              },
              "Serial (on USART3 PB11/PB10)": {
                  "Baud rate for serial port": "250000"
              },
              "Serial (on USART3 PD9/PD8)": {
                  "Baud rate for serial port": "250000"
              },
              "CAN bus (on PA11/PA12)": {
                  "CAN bus speed": "500000"
              },
              "CAN bus (on PB8/PB9)": {
                  "CAN bus speed": "500000"
              }
          },
          "GPIO pins to set at micro-controller startup": ""
      },
      "STM32F401": {
          "Bootloader offset": [
              "16KiB bootloader (HID Bootloader)",
              "64KiB bootloader",
              "No bootloader"
          ],
          "clock Reference": [
              "8 MHz crystal",
              "12 MHz crystal",
              "16 MHz crystal",
              "25 MHz crystal",
              "Internal clock"
          ],
          "Communication interface": {
              "USB (on PA11/PA12)": {
                  "USB ids": {
                      "USB vendor ID": "0x1d50",
                      "USB device ID": "0x614e",
                      "USB serial number from CHIPID": {
                          "USB serial number": "12345"
                      }
                  }
              },
              "Serial (on USART1 PA10/PA9)": {
                  "Baud rate for serial port": "250000"
              },
              "Serial (on USART1 PB7/PB6)": {
                  "Baud rate for serial port": "250000"
              },
              "Serial (on USART2 PA3/PA2)": {
                  "Baud rate for serial port": "250000"
              },
              "Serial (on USART2 PD6/PD5)": {
                  "Baud rate for serial port": "250000"
              },
              "CAN bus (on PA11/PA12)": {
                  "CAN bus speed": "500000"
              },
              "CAN bus (on PB8/PB9)": {
                  "CAN bus speed": "500000"
              },
              "CAN bus (on PI9/PH13)": {
                  "CAN bus speed": "500000"
              },
              "CAN bus (on PB5/PB6)": {
                  "CAN bus speed": "500000"
              },
              "CAN bus (on PB12/PB13)": {
                  "CAN bus speed": "500000"
              },
              "CAN bus (on PD0/PD1)": {
                  "CAN bus speed": "500000"
              }
          },
          "GPIO pins to set at micro-controller startup": ""
      },
      "STM32F405": {
          "Bootloader offset": [
              "32KiB bootloader",
              "128KiB bootloader with 512 byte offset (Prusa Buddy)",
              "48KiB bootloader (MKS Robin Nano V3)",
              "16KiB bootloader (HID Bootloader)",
              "No bootloader"
          ],
          "clock Reference": [
              "8 MHz crystal",
              "12 MHz crystal",
              "16 MHz crystal",
              "25 MHz crystal",
              "Internal clock"
          ],
          "Communication interface": {
              "USB (on PA11/PA12)": {
                  "USB ids": {
                      "USB vendor ID": "0x1d50",
                      "USB device ID": "0x614e",
                      "USB serial number from CHIPID": {
                          "USB serial number": "12345"
                      }
                  }
              },
              "Serial (on USART1 PA10/PA9)": {
                  "Baud rate for serial port": "250000"
              },
              "Serial (on USART1 PB7/PB6)": {
                  "Baud rate for serial port": "250000"
              },
              "Serial (on USART2 PA3/PA2)": {
                  "Baud rate for serial port": "250000"
              },
              "Serial (on USART2 PD6/PD5)": {
                  "Baud rate for serial port": "250000"
              },
              "CAN bus (on PA11/PA12)": {
                  "CAN bus speed": "500000"
              },
              "CAN bus (on PB8/PB9)": {
                  "CAN bus speed": "500000"
              },
              "CAN bus (on PI9/PH13)": {
                  "CAN bus speed": "500000"
              },
              "CAN bus (on PB5/PB6)": {
                  "CAN bus speed": "500000"
              },
              "CAN bus (on PB12/PB13)": {
                  "CAN bus speed": "500000"
              },
              "CAN bus (on PD0/PD1)": {
                  "CAN bus speed": "500000"
              }
          },
          "GPIO pins to set at micro-controller startup": ""
      },
      "STM32F407": {
          "Bootloader offset": [
              "32KiB bootloader",
              "128KiB bootloader with 512 byte offset (Prusa Buddy)",
              "48KiB bootloader (MKS Robin Nano V3)",
              "16KiB bootloader (HID Bootloader)",
              "No bootloader"
          ],
          "clock Reference": [
              "8 MHz crystal",
              "12 MHz crystal",
              "16 MHz crystal",
              "25 MHz crystal",
              "Internal clock"
          ],
          "Communication interface": {
              "USB (on PA11/PA12)": {
                  "USB ids": {
                      "USB vendor ID": "0x1d50",
                      "USB device ID": "0x614e",
                      "USB serial number from CHIPID": {
                          "USB serial number": "12345"
                      }
                  }
              },
              "Serial (on USART1 PA10/PA9)": {
                  "Baud rate for serial port": "250000"
              },
              "Serial (on USART1 PB7/PB6)": {
                  "Baud rate for serial port": "250000"
              },
              "Serial (on USART2 PA3/PA2)": {
                  "Baud rate for serial port": "250000"
              },
              "Serial (on USART2 PD6/PD5)": {
                  "Baud rate for serial port": "250000"
              },
              "CAN bus (on PA11/PA12)": {
                  "CAN bus speed": "500000"
              },
              "CAN bus (on PB8/PB9)": {
                  "CAN bus speed": "500000"
              },
              "CAN bus (on PI9/PH13)": {
                  "CAN bus speed": "500000"
              },
              "CAN bus (on PB5/PB6)": {
                  "CAN bus speed": "500000"
              },
              "CAN bus (on PB12/PB13)": {
                  "CAN bus speed": "500000"
              },
              "CAN bus (on PD0/PD1)": {
                  "CAN bus speed": "500000"
              }
          },
          "GPIO pins to set at micro-controller startup": ""
      },
      "STM32F429": {
          "Bootloader offset": [
              "32KiB bootloader",
              "64KiB bootloader",
              "No bootloader"
          ],
          "clock Reference": [
              "8 MHz crystal",
              "12 MHz crystal",
              "16 MHz crystal",
              "25 MHz crystal",
              "Internal clock"
          ],
          "Communication interface": {
              "USB (on PA11/PA12)": {
                  "USB ids": {
                      "USB vendor ID": "0x1d50",
                      "USB device ID": "0x614e",
                      "USB serial number from CHIPID": {
                          "USB serial number": "12345"
                      }
                  }
              },
              "Serial (on USART1 PA10/PA9)": {
                  "Baud rate for serial port": "250000"
              },
              "Serial (on USART1 PB7/PB6)": {
                  "Baud rate for serial port": "250000"
              },
              "Serial (on USART2 PA3/PA2)": {
                  "Baud rate for serial port": "250000"
              },
              "Serial (on USART2 PD6/PD5)": {
                  "Baud rate for serial port": "250000"
              },
              "CAN bus (on PA11/PA12)": {
                  "CAN bus speed": "500000"
              },
              "CAN bus (on PB8/PB9)": {
                  "CAN bus speed": "500000"
              },
              "CAN bus (on PI9/PH13)": {
                  "CAN bus speed": "500000"
              },
              "CAN bus (on PB5/PB6)": {
                  "CAN bus speed": "500000"
              },
              "CAN bus (on PB12/PB13)": {
                  "CAN bus speed": "500000"
              },
              "CAN bus (on PD0/PD1)": {
                  "CAN bus speed": "500000"
              }
          },
          "GPIO pins to set at micro-controller startup": ""
      },
      "STM32F446": {
          "Bootloader offset": [
              "32KiB bootloader",
              "64KiB bootloader",
              "No bootloader"
          ],
          "clock Reference": [
              "8 MHz crystal",
              "12 MHz crystal",
              "16 MHz crystal",
              "25 MHz crystal",
              "Internal clock"
          ],
          "Communication interface": {
              "USB (on PA11/PA12)": {
                  "USB ids": {
                      "USB vendor ID": "0x1d50",
                      "USB device ID": "0x614e",
                      "USB serial number from CHIPID": {
                          "USB serial number": "12345"
                      }
                  }
              },
              "Serial (on USART1 PA10/PA9)": {
                  "Baud rate for serial port": "250000"
              },
              "Serial (on USART1 PB7/PB6)": {
                  "Baud rate for serial port": "250000"
              },
              "Serial (on USART2 PA3/PA2)": {
                  "Baud rate for serial port": "250000"
              },
              "Serial (on USART2 PD6/PD5)": {
                  "Baud rate for serial port": "250000"
              },
              "CAN bus (on PA11/PA12)": {
                  "CAN bus speed": "500000"
              },
              "CAN bus (on PB8/PB9)": {
                  "CAN bus speed": "500000"
              },
              "CAN bus (on PI9/PH13)": {
                  "CAN bus speed": "500000"
              },
              "CAN bus (on PB5/PB6)": {
                  "CAN bus speed": "500000"
              },
              "CAN bus (on PB12/PB13)": {
                  "CAN bus speed": "500000"
              },
              "CAN bus (on PD0/PD1)": {
                  "CAN bus speed": "500000"
              }
          },
          "GPIO pins to set at micro-controller startup": ""
      },
      "STM32F031": {
          "clock Reference": [
              "8 MHz crystal",
              "12 MHz crystal",
              "16 MHz crystal",
              "25 MHz crystal",
              "Internal clock"
          ],
          "Communication interface": {
              "Serial (on USART1 PA10/PA9)": {
                  "Baud rate for serial port": "250000"
              },
              "Serial (on USART1 PB7/PB6)": {
                  "Baud rate for serial port": "250000"
              },
              "Serial (on USART2 PA3/PA2)": {
                  "Baud rate for serial port": "250000"
              },
              "Serial (on USART2 PA15/PA14)": {
                  "Baud rate for serial port": "250000"
              }
          },
          "GPIO pins to set at micro-controller startup": ""
      },
      "STM32F042": {
          "clock Reference": [
              "8 MHz crystal",
              "12 MHz crystal",
              "16 MHz crystal",
              "25 MHz crystal",
              "Internal clock"
          ],
          "Communication interface": {
              "USB (on PA11/PA12)": {
                  "USB ids": {
                      "USB vendor ID": "0x1d50",
                      "USB device ID": "0x614e",
                      "USB serial number from CHIPID": {
                          "USB serial number": "12345"
                      }
                  }
              },
              "USB (on PA9/PA10)": {
                  "USB ids": {
                      "USB vendor ID": "0x1d50",
                      "USB device ID": "0x614e",
                      "USB serial number from CHIPID": {
                          "USB serial number": "12345"
                      }
                  }
              },
              "Serial (on USART1 PA10/PA9)": {
                  "Baud rate for serial port": "250000"
              },
              "Serial (on USART1 PB7/PB6)": {
                  "Baud rate for serial port": "250000"
              },
              "Serial (on USART2 PA3/PA2)": {
                  "Baud rate for serial port": "250000"
              },
              "Serial (on USART2 PA15/PA14)": {
                  "Baud rate for serial port": "250000"
              },
              "CAN bus (on PA11/PA12)": {
                  "CAN bus speed": "500000"
              },
              "CAN bus (on PA9/PA10)": {
                  "CAN bus speed": "500000"
              },
              "CAN bus (on PB8/PB9)": {
                  "CAN bus speed": "500000"
              }
          },
          "GPIO pins to set at micro-controller startup": ""
      },
      "STM32F070": {
          "Bootloader offset": [
              "8KiB bootloader (stm32duino)",
              "No bootloader"
          ],
          "clock Reference": [
              "8 MHz crystal",
              "12 MHz crystal",
              "16 MHz crystal",
              "25 MHz crystal",
              "Internal clock"
          ],
          "Communication interface": {
              "USB (on PA11/PA12)": {
                  "USB ids": {
                      "USB vendor ID": "0x1d50",
                      "USB device ID": "0x614e",
                      "USB serial number from CHIPID": {
                          "USB serial number": "12345"
                      }
                  }
              },
              "Serial (on USART1 PA10/PA9)": {
                  "Baud rate for serial port": "250000"
              },
              "Serial (on USART1 PB7/PB6)": {
                  "Baud rate for serial port": "250000"
              },
              "Serial (on USART2 PA3/PA2)": {
                  "Baud rate for serial port": "250000"
              },
              "Serial (on USART2 PA15/PA14)": {
                  "Baud rate for serial port": "250000"
              }
          },
          "GPIO pins to set at micro-controller startup": ""
      },
      "STM32F072": {
          "clock Reference": [
              "8 MHz crystal",
              "12 MHz crystal",
              "16 MHz crystal",
              "25 MHz crystal",
              "Internal clock"
          ],
          "Communication interface": {
              "USB (on PA11/PA12)": {
                  "USB ids": {
                      "USB vendor ID": "0x1d50",
                      "USB device ID": "0x614e",
                      "USB serial number from CHIPID": {
                          "USB serial number": "12345"
                      }
                  }
              },
              "Serial (on USART1 PA10/PA9)": {
                  "Baud rate for serial port": "250000"
              },
              "Serial (on USART1 PB7/PB6)": {
                  "Baud rate for serial port": "250000"
              },
              "Serial (on USART2 PA3/PA2)": {
                  "Baud rate for serial port": "250000"
              },
              "Serial (on USART2 PA15/PA14)": {
                  "Baud rate for serial port": "250000"
              },
              "CAN bus (on PA11/PA12)": {
                  "CAN bus speed": "500000"
              },
              "CAN bus (on PB8/PB9)": {
                  "CAN bus speed": "500000"
              }
          },
          "GPIO pins to set at micro-controller startup": ""
      },
      "STM32H743": {
          "Bootloader offset": [
              "128KiB bootloader (SKR SE BX v2.0)",
              "No bootloader"
          ],
          "clock Reference": [
              "8 MHz crystal",
              "12 MHz crystal",
              "16 MHz crystal",
              "25 MHz crystal",
              "Internal clock"
          ],
          "Communication interface": {
              "USB (on PA11/PA12)": {
                  "USB ids": {
                      "USB vendor ID": "0x1d50",
                      "USB device ID": "0x614e",
                      "USB serial number from CHIPID": {
                          "USB serial number": "12345"
                      }
                  }
              },
              "USB (on PA15/PA14)": {
                  "USB ids": {
                      "USB vendor ID": "0x1d50",
                      "USB device ID": "0x614e",
                      "USB serial number from CHIPID": {
                          "USB serial number": "12345"
                      }
                  }
              },
              "Serial (on USART1 PA10/PA9)": {
                  "Baud rate for serial port": "250000"
              },
              "Serial (on USART1 PB7/PB6)": {
                  "Baud rate for serial port": "250000"
              },
              "Serial (on USART2 PA3/PA2)": {
                  "Baud rate for serial port": "250000"
              },
              "Serial (on USART2 PD6/PD5)": {
                  "Baud rate for serial port": "250000"
              },
              "Serial (on USART3 PB11/PB10)": {
                  "Baud rate for serial port": "250000"
              },
              "Serial (on USART3 PD9/PD8)": {
                  "Baud rate for serial port": "250000"
              },
              "Serial (on USART4 PA0/PA1)": {
                  "Baud rate for serial port": "250000"
              }
          },
          "GPIO pins to set at micro-controller startup": ""
      },
      "STM32H750": {
          "clock Reference": [
              "8 MHz crystal",
              "12 MHz crystal",
              "16 MHz crystal",
              "25 MHz crystal",
              "Internal clock"
          ],
          "Communication interface": {
              "USB (on PA11/PA12)": {
                  "USB ids": {
                      "USB vendor ID": "0x1d50",
                      "USB device ID": "0x614e",
                      "USB serial number from CHIPID": {
                          "USB serial number": "12345"
                      }
                  }
              },
              "USB (on PA15/PA14)": {
                  "USB ids": {
                      "USB vendor ID": "0x1d50",
                      "USB device ID": "0x614e",
                      "USB serial number from CHIPID": {
                          "USB serial number": "12345"
                      }
                  }
              },
              "Serial (on USART1 PA10/PA9)": {
                  "Baud rate for serial port": "250000"
              },
              "Serial (on USART1 PB7/PB6)": {
                  "Baud rate for serial port": "250000"
              },
              "Serial (on USART2 PA3/PA2)": {
                  "Baud rate for serial port": "250000"
              },
              "Serial (on USART2 PD6/PD5)": {
                  "Baud rate for serial port": "250000"
              },
              "Serial (on USART3 PB11/PB10)": {
                  "Baud rate for serial port": "250000"
              },
              "Serial (on USART3 PD9/PD8)": {
                  "Baud rate for serial port": "250000"
              },
              "Serial (on USART4 PA0/PA1)": {
                  "Baud rate for serial port": "250000"
              }
          },
          "GPIO pins to set at micro-controller startup": ""
      }
  },
  "Atmega AVR": {
      "atmega2560": {
          "Processor speed": [
              "16Mhz",
              "8Mhz"
          ],
          "Communication interface": {
              "UART0": {
                  "Baud rate for serial port": "250000"
              },
              "UART1": {
                  "Baud rate for serial port": "250000"
              },
              "UART2": {
                  "Baud rate for serial port": "250000"
              },
              "UART3": {
                  "Baud rate for serial port": "250000"
              }
          },
          "GPIO pins to set at micro-controller startup": ""
      },
      "atmega1280": {
          "Processor speed": [
              "16Mhz",
              "8Mhz"
          ],
          "Communication interface": {
              "UART0": {
                  "Baud rate for serial port": "250000"
              },
              "UART1": {
                  "Baud rate for serial port": "250000"
              },
              "UART2": {
                  "Baud rate for serial port": "250000"
              },
              "UART3": {
                  "Baud rate for serial port": "250000"
              }
          },
          "GPIO pins to set at micro-controller startup": ""
      },
      "at90usb1286": {
          "Processor speed": [
              "16Mhz",
              "8Mhz"
          ],
          "Manually clear the CPU prescaler field at startup": false,
          "Communication interface": {
              "USB": {
                  "USB ids": {
                      "USB vendor ID": "0x1d50",
                      "USB device ID": "0x614e",
                      "USB serial number": "12345"
                  }
              },
              "UART1": {
                  "Baud rate for serial port": "250000"
              }
          },
          "GPIO pins to set at micro-controller startup": ""
      },
      "at90usb646": {
          "Processor speed": [
              "16Mhz",
              "8Mhz"
          ],
          "Manually clear the CPU prescaler field at startup": false,
          "Communication interface": {
              "USB": {
                  "USB ids": {
                      "USB vendor ID": "0x1d50",
                      "USB device ID": "0x614e",
                      "USB serial number": "12345"
                  }
              },
              "UART1": {
                  "Baud rate for serial port": "250000"
              }
          },
          "GPIO pins to set at micro-controller startup": ""
      },
      "atmega32u4": {
          "Processor speed": [
              "16Mhz",
              "8Mhz"
          ],
          "Manually clear the CPU prescaler field at startup": false,
          "Communication interface": {
              "USB": {
                  "USB ids": {
                      "USB vendor ID": "0x1d50",
                      "USB device ID": "0x614e",
                      "USB serial number": "12345"
                  }
              },
              "UART1": {
                  "Baud rate for serial port": "250000"
              }
          },
          "GPIO pins to set at micro-controller startup": ""
      },
      "atmega1284p": {
          "Processor speed": [
              "16Mhz",
              "20Mhz",
              "8Mhz"
          ],
          "Communication interface": {
              "UART0": {
                  "Baud rate for serial port": "250000"
              },
              "UART1": {
                  "Baud rate for serial port": "250000"
              }
          },
          "Compile for simulavr software emulation": false,
          "GPIO pins to set at micro-controller startup": ""
      },
      "atmega644p": {
          "Processor speed": [
              "16Mhz",
              "20Mhz",
              "8Mhz"
          ],
          "Communication interface": {
              "UART0": {
                  "Baud rate for serial port": "250000"
              },
              "UART1": {
                  "Baud rate for serial port": "250000"
              }
          },
          "Compile for simulavr software emulation": false,
          "GPIO pins to set at micro-controller startup": ""
      },
      "atmega328p": {
          "Processor speed": [
              "16Mhz",
              "20Mhz",
              "8Mhz"
          ],
          "Compile for simulavr software emulation": false,
          "Baud rate for serial port": "250000",
          "GPIO pins to set at micro-controller startup": ""
      },
      "atmega328": {
          "Processor speed": [
              "16Mhz",
              "20Mhz",
              "8Mhz"
          ],
          "Compile for simulavr software emulation": false,
          "Baud rate for serial port": "250000",
          "GPIO pins to set at micro-controller startup": ""
      },
      "atmega168": {
          "Processor speed": [
              "16Mhz",
              "20Mhz",
              "8Mhz"
          ],
          "Compile for simulavr software emulation": false,
          "Baud rate for serial port": "250000",
          "GPIO pins to set at micro-controller startup": ""
      }
  }
}